id,x,y
0,49.553043369889075,-19.60699544045044
1,-14.23830130208712,3.7384781810997665
2,46.34961739076085,-27.58347700723021
3,3.3986236076686596,-13.03596597444701
4,-0.9787469015270729,33.75520386576375
5,-40.254875386536874,-49.156468485317205
